ï»¿"Assetnummer";"Merk";"Model";"Soort";"Ruimte";"Serienummer";"Status";"In gebruik bij";"Meest recente gebruiker";"Aankoopdatum";"Garantie tot";"Afschrijving jaren";"Advies vervangingsdatum";"Autoupdate vervalt";"Geinstalleerd op";"Besturingssysteem";"RAM";"CPU";"MAC adres";"LAN IP";"Management IP";"Accesspoint nummer";"Telefoonnummer";"Monitor type";"Aantal monitoren";"Serienummer monitor";"Fabrikant URL";"Bedrijfskritisch";"Opmerking"
"NUW-CB-001";"HP";"Chromebook x360 11";"Chromebook";"Chromebook kar 2";"CB585932";"In gebruik";"Smit, L.";"Smit, L.";"22-07-2023";"22-07-2026";"3";"22-07-2026";"22-07-2028";"22-07-2023";"ChromeOS";"4GB";"Intel Core i3";"AF:F0:42:84:2D:6A";"";"";"";"";"";"";"";"https://www.hp.com";"0";""
"NUW-CB-002";"Lenovo";"IdeaPad Flex 5i Chromebook";"Chromebook";"Chromebook kar 2";"CB577553";"Beschikbaar";"Visser, T.";"Visser, T.";"17-12-2021";"17-12-2024";"3";"17-12-2024";"17-12-2026";"17-12-2021";"ChromeOS";"4GB";"Intel Celeron N4020";"3F:92:BD:7C:14:51";"";"";"";"";"";"";"";"https://www.lenovo.com";"0";""
"NUW-CB-003";"Acer";"Chromebook 314";"Chromebook";"Babbel 1";"CB654282";"In gebruik";"De Vries, M.";"De Vries, M.";"13-12-2023";"13-12-2026";"3";"13-12-2026";"13-12-2028";"13-12-2023";"ChromeOS";"8GB";"MediaTek MT8183";"98:D4:56:EA:B9:02";"";"";"";"";"";"";"";"https://www.acer.com";"0";""
"NUW-CB-004";"Acer";"Chromebook 314";"Chromebook";"Chromebook kar 1";"CB250729";"In gebruik";"Visser, T.";"Visser, T.";"19-08-2022";"19-08-2025";"3";"19-08-2025";"19-08-2027";"19-08-2022";"ChromeOS";"4GB";"Intel Celeron N4020";"B8:F5:A1:17:24:B6";"";"";"";"";"";"";"";"https://www.acer.com";"0";""
"NUW-CB-005";"HP";"Chromebook x360 11";"Chromebook";"Chromebook kar 2";"CB873539";"In gebruik";"Visser, T.";"Visser, T.";"19-10-2022";"19-10-2025";"3";"19-10-2025";"19-10-2027";"19-10-2022";"ChromeOS";"4GB";"Intel Celeron N4020";"A0:B8:1A:B4:73:86";"";"";"";"";"";"";"";"https://www.hp.com";"0";""
"NUW-CB-006";"Acer";"Chromebook Spin 511";"Chromebook";"Babbel 3";"CB289848";"In gebruik";"Visser, T.";"Visser, T.";"20-06-2021";"20-06-2024";"3";"20-06-2024";"20-06-2026";"20-06-2021";"ChromeOS";"8GB";"Intel Core i3";"0E:18:A0:13:55:52";"";"";"";"";"";"";"";"https://www.acer.com";"0";""
"NUW-CB-007";"Google";"Pixelbook Go";"Chromebook";"Babbel 3";"CB110563";"Beschikbaar";"De Vries, M.";"De Vries, M.";"10-03-2023";"10-03-2026";"3";"10-03-2026";"10-03-2028";"10-03-2023";"ChromeOS";"4GB";"Intel Core i3";"A7:B6:49:43:28:34";"";"";"";"";"";"";"";"https://www.google.com";"0";""
"NUW-CB-008";"Acer";"Chromebook 314";"Chromebook";"Chromebook kar 1";"CB434944";"In gebruik";"Visser, T.";"Visser, T.";"11-05-2023";"11-05-2026";"3";"11-05-2026";"11-05-2028";"11-05-2023";"ChromeOS";"4GB";"Intel Core i3";"8F:C6:E1:EE:10:A0";"";"";"";"";"";"";"";"https://www.acer.com";"0";""
"NUW-CB-009";"Lenovo";"IdeaPad Flex 5i Chromebook";"Chromebook";"Babbel 1";"CB228921";"Beschikbaar";"Bakker, P.";"Bakker, P.";"03-07-2022";"03-07-2025";"3";"03-07-2025";"03-07-2027";"03-07-2022";"ChromeOS";"8GB";"Intel Celeron N4020";"EE:4A:41:BF:EC:1D";"";"";"";"";"";"";"";"https://www.lenovo.com";"0";""
"NUW-CB-010";"Acer";"Chromebook 314";"Chromebook";"Babbel 2";"CB998993";"In gebruik";"Meijer, R.";"Meijer, R.";"17-03-2022";"17-03-2025";"3";"17-03-2025";"17-03-2027";"17-03-2022";"ChromeOS";"8GB";"Intel Core i3";"30:B2:E1:5E:F2:62";"";"";"";"";"";"";"";"https://www.acer.com";"0";""
"NUW-CB-011";"Acer";"Chromebook Spin 511";"Chromebook";"Chromebook kar 2";"CB301476";"In gebruik";"De Vries, M.";"De Vries, M.";"01-07-2022";"01-07-2025";"3";"01-07-2025";"01-07-2027";"01-07-2022";"ChromeOS";"4GB";"MediaTek MT8183";"EC:4E:63:A8:79:EE";"";"";"";"";"";"";"";"https://www.acer.com";"0";""
"NUW-CB-012";"Acer";"Chromebook 314";"Chromebook";"Babbel 1";"CB733512";"Beschikbaar";"De Vries, M.";"De Vries, M.";"19-08-2023";"19-08-2026";"3";"19-08-2026";"19-08-2028";"19-08-2023";"ChromeOS";"8GB";"Intel Core i3";"F2:92:A0:F0:ED:1D";"";"";"";"";"";"";"";"https://www.acer.com";"0";""
"NUW-CB-013";"Lenovo";"IdeaPad Flex 5i Chromebook";"Chromebook";"Babbel 3";"CB394065";"Beschikbaar";"Bakker, P.";"Bakker, P.";"17-04-2021";"17-04-2024";"3";"17-04-2024";"17-04-2026";"17-04-2021";"ChromeOS";"4GB";"Intel Core i3";"1F:63:4E:65:1D:04";"";"";"";"";"";"";"";"https://www.lenovo.com";"0";""
"NUW-CB-014";"Google";"Pixelbook Go";"Chromebook";"Chromebook kar 2";"CB577666";"Beschikbaar";"De Vries, M.";"De Vries, M.";"17-11-2020";"17-11-2023";"3";"17-11-2023";"17-11-2025";"17-11-2020";"ChromeOS";"4GB";"Intel Celeron N4020";"F4:B0:5F:B8:95:33";"";"";"";"";"";"";"";"https://www.google.com";"0";""
"NUW-CB-015";"Lenovo";"IdeaPad Flex 5i Chromebook";"Chromebook";"Babbel 1";"CB308677";"In gebruik";"Jansen, A.";"Jansen, A.";"18-06-2022";"18-06-2025";"3";"18-06-2025";"18-06-2027";"18-06-2022";"ChromeOS";"4GB";"Intel Core i3";"39:1D:E9:1F:02:6B";"";"";"";"";"";"";"";"https://www.lenovo.com";"0";""
"NUW-CB-016";"Google";"Pixelbook Go";"Chromebook";"Babbel 1";"CB823458";"In gebruik";"De Vries, M.";"De Vries, M.";"28-07-2021";"28-07-2024";"3";"28-07-2024";"28-07-2026";"28-07-2021";"ChromeOS";"8GB";"Intel Core i3";"85:85:E0:D4:C9:9C";"";"";"";"";"";"";"";"https://www.google.com";"0";""
"NUW-CB-017";"Acer";"Chromebook 314";"Chromebook";"Babbel 1";"CB536096";"In gebruik";"De Vries, M.";"De Vries, M.";"02-10-2021";"02-10-2024";"3";"02-10-2024";"02-10-2026";"02-10-2021";"ChromeOS";"8GB";"Intel Celeron N4020";"70:3D:03:FF:C3:6A";"";"";"";"";"";"";"";"https://www.acer.com";"0";""
"NUW-CB-018";"Acer";"Chromebook Spin 511";"Chromebook";"Babbel 1";"CB287573";"In gebruik";"Smit, L.";"Smit, L.";"09-02-2020";"09-02-2023";"3";"09-02-2023";"09-02-2025";"09-02-2020";"ChromeOS";"8GB";"MediaTek MT8183";"DA:59:7A:42:C6:E0";"";"";"";"";"";"";"";"https://www.acer.com";"0";""
"NUW-CB-019";"Google";"Pixelbook Go";"Chromebook";"Babbel 1";"CB544964";"In gebruik";"Visser, T.";"Visser, T.";"03-02-2020";"03-02-2023";"3";"03-02-2023";"03-02-2025";"03-02-2020";"ChromeOS";"8GB";"Intel Celeron N4020";"6D:17:A3:24:AF:28";"";"";"";"";"";"";"";"https://www.google.com";"0";""
"NUW-CB-020";"Lenovo";"IdeaPad Flex 5i Chromebook";"Chromebook";"Babbel 1";"CB246890";"In gebruik";"Bakker, P.";"Bakker, P.";"24-12-2022";"24-12-2025";"3";"24-12-2025";"24-12-2027";"24-12-2022";"ChromeOS";"4GB";"Intel Core i3";"26:AB:CF:23:DA:AC";"";"";"";"";"";"";"";"https://www.lenovo.com";"0";""
"NUW-CB-021";"Google";"Pixelbook Go";"Chromebook";"Babbel 1";"CB886115";"Beschikbaar";"Visser, T.";"Visser, T.";"29-06-2020";"29-06-2023";"3";"29-06-2023";"29-06-2025";"29-06-2020";"ChromeOS";"4GB";"MediaTek MT8183";"96:25:74:03:C5:B0";"";"";"";"";"";"";"";"https://www.google.com";"0";""
"NUW-CB-022";"Google";"Pixelbook Go";"Chromebook";"Babbel 3";"CB128547";"In gebruik";"Visser, T.";"Visser, T.";"16-10-2020";"16-10-2023";"3";"16-10-2023";"16-10-2025";"16-10-2020";"ChromeOS";"4GB";"Intel Core i3";"2F:66:CC:7B:CB:8B";"";"";"";"";"";"";"";"https://www.google.com";"0";""
"NUW-CB-023";"Lenovo";"IdeaPad Flex 5i Chromebook";"Chromebook";"Babbel 1";"CB827203";"In gebruik";"Meijer, R.";"Meijer, R.";"03-08-2022";"03-08-2025";"3";"03-08-2025";"03-08-2027";"03-08-2022";"ChromeOS";"4GB";"Intel Core i3";"0C:80:59:DD:69:A7";"";"";"";"";"";"";"";"https://www.lenovo.com";"0";""
"NUW-CB-024";"HP";"Chromebook x360 11";"Chromebook";"Babbel 1";"CB830428";"In gebruik";"Van den Berg, S.";"Van den Berg, S.";"22-08-2022";"22-08-2025";"3";"22-08-2025";"22-08-2027";"22-08-2022";"ChromeOS";"8GB";"MediaTek MT8183";"20:EE:BA:3A:1A:9C";"";"";"";"";"";"";"";"https://www.hp.com";"0";""
"NUW-CB-025";"Acer";"Chromebook Spin 511";"Chromebook";"Babbel 1";"CB994694";"In gebruik";"Meijer, R.";"Meijer, R.";"21-10-2020";"21-10-2023";"3";"21-10-2023";"21-10-2025";"21-10-2020";"ChromeOS";"4GB";"Intel Celeron N4020";"75:96:48:54:35:88";"";"";"";"";"";"";"";"https://www.acer.com";"0";""
"NUW-CB-026";"Acer";"Chromebook Spin 511";"Chromebook";"Chromebook kar 1";"CB379958";"In gebruik";"Visser, T.";"Visser, T.";"20-08-2020";"20-08-2023";"3";"20-08-2023";"20-08-2025";"20-08-2020";"ChromeOS";"4GB";"Intel Core i3";"A3:A3:F6:90:3A:86";"";"";"";"";"";"";"";"https://www.acer.com";"0";""
"NUW-CB-027";"Lenovo";"IdeaPad Flex 5i Chromebook";"Chromebook";"Babbel 3";"CB207654";"In gebruik";"De Vries, M.";"De Vries, M.";"14-01-2021";"14-01-2024";"3";"14-01-2024";"14-01-2026";"14-01-2021";"ChromeOS";"4GB";"MediaTek MT8183";"F9:9C:A0:D9:81:D2";"";"";"";"";"";"";"";"https://www.lenovo.com";"0";""
"NUW-CB-028";"HP";"Chromebook x360 11";"Chromebook";"Babbel 1";"CB536756";"In gebruik";"Peters, K.";"Peters, K.";"02-10-2023";"02-10-2026";"3";"02-10-2026";"02-10-2028";"02-10-2023";"ChromeOS";"8GB";"MediaTek MT8183";"54:88:5D:3E:4A:91";"";"";"";"";"";"";"";"https://www.hp.com";"0";""
"NUW-CB-029";"Lenovo";"IdeaPad Flex 5i Chromebook";"Chromebook";"Babbel 3";"CB320657";"In gebruik";"Meijer, R.";"Meijer, R.";"15-03-2020";"15-03-2023";"3";"15-03-2023";"15-03-2025";"15-03-2020";"ChromeOS";"8GB";"MediaTek MT8183";"DB:95:1A:33:3B:22";"";"";"";"";"";"";"";"https://www.lenovo.com";"0";""
"NUW-CB-030";"Acer";"Chromebook Spin 511";"Chromebook";"Babbel 1";"CB560841";"Beschikbaar";"De Vries, M.";"De Vries, M.";"18-09-2020";"18-09-2023";"3";"18-09-2023";"18-09-2025";"18-09-2020";"ChromeOS";"8GB";"MediaTek MT8183";"FF:05:5A:01:E2:5A";"";"";"";"";"";"";"";"https://www.acer.com";"0";""
"NUW-CB-031";"Acer";"Chromebook 314";"Chromebook";"Chromebook kar 1";"CB226678";"In gebruik";"Meijer, R.";"Meijer, R.";"06-08-2020";"06-08-2023";"3";"06-08-2023";"06-08-2025";"06-08-2020";"ChromeOS";"8GB";"MediaTek MT8183";"A5:27:84:1F:F2:DA";"";"";"";"";"";"";"";"https://www.acer.com";"0";""
"NUW-CB-032";"Acer";"Chromebook 314";"Chromebook";"Chromebook kar 1";"CB213500";"In gebruik";"Jansen, A.";"Jansen, A.";"18-03-2023";"18-03-2026";"3";"18-03-2026";"18-03-2028";"18-03-2023";"ChromeOS";"8GB";"Intel Core i3";"CB:2A:DF:14:CA:D2";"";"";"";"";"";"";"";"https://www.acer.com";"0";""
"NUW-CB-033";"Google";"Pixelbook Go";"Chromebook";"Babbel 3";"CB395256";"In gebruik";"Meijer, R.";"Meijer, R.";"10-05-2023";"10-05-2026";"3";"10-05-2026";"10-05-2028";"10-05-2023";"ChromeOS";"8GB";"Intel Core i3";"F7:0C:FD:4A:CC:C1";"";"";"";"";"";"";"";"https://www.google.com";"0";""
"NUW-CB-034";"HP";"Chromebook x360 11";"Chromebook";"Babbel 3";"CB966399";"In gebruik";"Bakker, P.";"Bakker, P.";"27-03-2020";"27-03-2023";"3";"27-03-2023";"27-03-2025";"27-03-2020";"ChromeOS";"4GB";"Intel Celeron N4020";"53:6F:45:0F:24:C6";"";"";"";"";"";"";"";"https://www.hp.com";"0";""
"NUW-CB-035";"Acer";"Chromebook 314";"Chromebook";"Babbel 2";"CB498867";"In gebruik";"Jansen, A.";"Jansen, A.";"01-06-2020";"01-06-2023";"3";"01-06-2023";"01-06-2025";"01-06-2020";"ChromeOS";"4GB";"MediaTek MT8183";"A1:6C:59:03:0D:C2";"";"";"";"";"";"";"";"https://www.acer.com";"0";""
"NUW-CB-036";"HP";"Chromebook x360 11";"Chromebook";"Babbel 1";"CB660410";"Beschikbaar";"Peters, K.";"Peters, K.";"03-03-2021";"03-03-2024";"3";"03-03-2024";"03-03-2026";"03-03-2021";"ChromeOS";"8GB";"Intel Celeron N4020";"26:DA:F1:F6:5D:6A";"";"";"";"";"";"";"";"https://www.hp.com";"0";""
"NUW-CB-037";"Acer";"Chromebook Spin 511";"Chromebook";"Chromebook kar 2";"CB570448";"In gebruik";"Peters, K.";"Peters, K.";"25-09-2021";"25-09-2024";"3";"25-09-2024";"25-09-2026";"25-09-2021";"ChromeOS";"4GB";"Intel Celeron N4020";"60:96:24:9B:1E:CE";"";"";"";"";"";"";"";"https://www.acer.com";"0";""
"NUW-CB-038";"Acer";"Chromebook Spin 511";"Chromebook";"Chromebook kar 2";"CB182005";"In gebruik";"Van den Berg, S.";"Van den Berg, S.";"28-10-2022";"28-10-2025";"3";"28-10-2025";"28-10-2027";"28-10-2022";"ChromeOS";"4GB";"Intel Core i3";"7F:71:56:5F:89:A2";"";"";"";"";"";"";"";"https://www.acer.com";"0";""
"NUW-CB-039";"Google";"Pixelbook Go";"Chromebook";"Chromebook kar 1";"CB159961";"Beschikbaar";"Jansen, A.";"Jansen, A.";"31-03-2020";"31-03-2023";"3";"31-03-2023";"31-03-2025";"31-03-2020";"ChromeOS";"4GB";"Intel Core i3";"BC:F7:2E:6D:77:A1";"";"";"";"";"";"";"";"https://www.google.com";"0";""
"NUW-CB-040";"Google";"Pixelbook Go";"Chromebook";"Chromebook kar 2";"CB545967";"In gebruik";"Bakker, P.";"Bakker, P.";"11-10-2021";"11-10-2024";"3";"11-10-2024";"11-10-2026";"11-10-2021";"ChromeOS";"8GB";"Intel Core i3";"B8:17:2F:3E:91:74";"";"";"";"";"";"";"";"https://www.google.com";"0";""
"NUW-BRA-041";"HP";"Compaq Elite 8300 MT";"Desktop";"Babbel 6";"DT810557";"Beschikbaar";"Van den Berg, S.";"Van den Berg, S.";"18-05-2019";"18-05-2022";"5";"18-05-2024";"";"18-05-2019";"Windows 10";"8GB";"Intel Core i5-10400";"B4:97:37:28:5F:38";"192.168.1.185";"";"";"";"";"2";"MON18585";"https://www.hp.com";"1";""
"NUW-BRA-042";"HP";"ProDesk 600 G6";"Desktop";"Chromebook kar 1";"DT901014";"Beschikbaar";"";"";"05-08-2022";"05-08-2025";"5";"05-08-2027";"";"05-08-2022";"Windows 10";"32GB";"Intel Core i7-10700";"02:56:B6:84:5B:59";"192.168.1.151";"";"";"";"Full HD";"";"MON95650";"https://www.hp.com";"1";""
"NUW-BRA-043";"HP";"ProDesk 600 G6";"Desktop";"Hal boven";"DT843526";"In reparatie";"Visser, T.";"Visser, T.";"21-11-2021";"21-11-2024";"5";"21-11-2026";"";"21-11-2021";"Windows 10";"16GB";"Intel Core i5-10400";"E5:1C:07:93:7C:9D";"192.168.1.107";"";"";"";"WQHD";"";"MON27318";"https://www.hp.com";"0";""
"NUW-BRA-044";"HP";"ProDesk 600 G6";"Desktop";"Chromebook kar 1";"DT585597";"In reparatie";"Bakker, P.";"Bakker, P.";"02-02-2020";"02-02-2023";"5";"02-02-2025";"";"02-02-2020";"Windows 10";"32GB";"Intel Core i5-10400";"CD:F1:04:C7:79:F3";"192.168.1.196";"";"";"";"4K";"";"";"https://www.hp.com";"0";""
"NUW-BRA-045";"Dell";"OptiPlex 7080";"Desktop";"Babbel 1";"DT983613";"In gebruik";"Visser, T.";"Visser, T.";"20-10-2022";"20-10-2025";"5";"20-10-2027";"";"20-10-2022";"Windows 11";"32GB";"Intel Core i7-10700";"99:52:6E:8C:B6:37";"192.168.1.59";"";"";"";"WQHD";"2";"MON56600";"https://www.dell.com";"0";""
"NUW-BRA-046";"Dell";"OptiPlex 7080";"Desktop";"Babbel 5";"DT655970";"In reparatie";"Jansen, A.";"Jansen, A.";"30-11-2018";"30-11-2021";"5";"30-11-2023";"";"30-11-2018";"Windows 11";"32GB";"Intel Core i5-8500";"6D:B1:94:04:AC:C4";"192.168.1.12";"";"";"";"";"";"";"https://www.dell.com";"0";""
"NUW-BRA-047";"HP";"Compaq Elite 8300 MT";"Desktop";"Babbel 2";"DT516474";"In gebruik";"Meijer, R.";"Meijer, R.";"23-04-2020";"23-04-2023";"5";"23-04-2025";"";"23-04-2020";"Windows 10";"8GB";"Intel Core i5-8500";"79:EF:0C:29:BD:06";"192.168.1.59";"";"";"";"Full HD";"";"";"https://www.hp.com";"0";""
"NUW-BRA-048";"HP";"Compaq Elite 8300 MT";"Desktop";"Gang boven - ICT ruimte";"DT584947";"In gebruik";"Meijer, R.";"Meijer, R.";"25-07-2020";"25-07-2023";"5";"25-07-2025";"";"25-07-2020";"Windows 10";"16GB";"Intel Core i7-10700";"80:7A:CC:7D:BB:A3";"192.168.1.99";"";"";"";"4K";"2";"";"https://www.hp.com";"0";""
"NUW-BRA-049";"HP";"EliteDesk 800 G6";"Desktop";"Babbel 2";"DT175048";"In gebruik";"Mulder, C.";"Mulder, C.";"10-08-2018";"10-08-2021";"5";"10-08-2023";"";"10-08-2018";"Windows 11";"16GB";"Intel Core i7-10700";"5C:E4:0E:5D:5D:7F";"192.168.1.199";"";"";"";"Full HD";"1";"MON50855";"https://www.hp.com";"0";""
"NUW-BRA-050";"Dell";"OptiPlex 7080";"Desktop";"Hal beneden";"DT867079";"In reparatie";"Bos, F.";"Bos, F.";"09-01-2022";"09-01-2025";"5";"09-01-2027";"";"09-01-2022";"Windows 11";"16GB";"Intel Core i5-8500";"BD:ED:7E:8D:98:D6";"192.168.1.216";"";"";"";"4K";"1";"";"https://www.dell.com";"0";""
"NUW-BRA-051";"HP";"EliteDesk 800 G6";"Desktop";"Babbel 3";"DT539374";"Buiten gebruik";"Visser, T.";"Visser, T.";"29-01-2022";"29-01-2025";"5";"29-01-2027";"";"29-01-2022";"Windows 11";"32GB";"Intel Core i5-10400";"C0:F6:E1:39:C8:40";"192.168.1.83";"";"";"";"WQHD";"2";"MON29714";"https://www.hp.com";"0";""
"NUW-BRA-052";"Dell";"OptiPlex 7080";"Desktop";"Hal beneden";"DT528133";"Buiten gebruik";"Meijer, R.";"Meijer, R.";"19-09-2020";"19-09-2023";"5";"19-09-2025";"";"19-09-2020";"Windows 11";"32GB";"Intel Core i5-10400";"84:FE:A9:F2:AC:A1";"192.168.1.233";"";"";"";"Full HD";"1";"MON67297";"https://www.dell.com";"0";""
"NUW-BRA-053";"Dell";"OptiPlex 7080";"Desktop";"Serverruimte";"DT826621";"Beschikbaar";"";"";"10-06-2019";"10-06-2022";"5";"10-06-2024";"";"10-06-2019";"Windows 11";"8GB";"Intel Core i5-8500";"A8:AB:30:E9:B3:B0";"192.168.1.100";"";"";"";"WQHD";"1";"";"https://www.dell.com";"0";""
"NUW-BRA-054";"HP";"ProDesk 600 G6";"Desktop";"Babbel 5";"DT449714";"Beschikbaar";"Van den Berg, S.";"Van den Berg, S.";"26-01-2022";"26-01-2025";"5";"26-01-2027";"";"26-01-2022";"Windows 10";"32GB";"Intel Core i5-8500";"CA:E2:23:72:CA:C4";"192.168.1.49";"";"";"";"WQHD";"1";"MON98476";"https://www.hp.com";"1";""
"NUW-BRA-055";"Prowse";"All in One HZ2e";"All-in-One";"Babbel 1";"DT308643";"In gebruik";"Bakker, P.";"Bakker, P.";"10-01-2020";"10-01-2023";"5";"10-01-2025";"";"10-01-2020";"Windows 11";"16GB";"Intel Core i7-10700";"E3:02:EB:CA:4B:F5";"192.168.1.224";"";"";"";"4K";"";"MON98395";"https://www.prowse.com";"0";""
"NUW-BRA-056";"Dell";"OptiPlex 7080";"Desktop";"Directiekantoor";"DT866501";"In reparatie";"Meijer, R.";"Meijer, R.";"19-08-2022";"19-08-2025";"5";"19-08-2027";"";"19-08-2022";"Windows 11";"8GB";"Intel Core i7-10700";"B9:DD:85:5E:C6:3C";"192.168.1.14";"";"";"";"4K";"2";"MON31598";"https://www.dell.com";"0";""
"NUW-BRA-057";"Dell";"OptiPlex 7080";"Desktop";"Babbel 6";"DT522158";"Buiten gebruik";"";"";"03-11-2018";"03-11-2021";"5";"03-11-2023";"";"03-11-2018";"Windows 11";"8GB";"Intel Core i5-10400";"E5:0C:7C:73:5F:75";"192.168.1.171";"";"";"";"WQHD";"1";"";"https://www.dell.com";"0";""
"NUW-BRA-058";"HP";"EliteDesk 800 G6";"Desktop";"Babbel 5";"DT303034";"In reparatie";"Visser, T.";"Visser, T.";"11-10-2018";"11-10-2021";"5";"11-10-2023";"";"11-10-2018";"Windows 11";"16GB";"Intel Core i7-10700";"66:D3:9E:5E:81:0D";"192.168.1.52";"";"";"";"WQHD";"2";"MON58648";"https://www.hp.com";"0";""
"NUW-BRA-059";"HP";"EliteDesk 800 G6";"Desktop";"Chromebook kar 2";"DT917137";"Beschikbaar";"";"";"25-08-2019";"25-08-2022";"5";"25-08-2024";"";"25-08-2019";"Windows 11";"8GB";"Intel Core i7-10700";"95:EB:E3:D9:1F:57";"192.168.1.141";"";"";"";"";"";"MON44294";"https://www.hp.com";"1";""
"NUW-BRA-060";"HP";"EliteDesk 800 G6";"Desktop";"Serverruimte";"DT987123";"In gebruik";"De Vries, M.";"De Vries, M.";"20-11-2021";"20-11-2024";"5";"20-11-2026";"";"20-11-2021";"Windows 11";"8GB";"Intel Core i5-10400";"04:D6:C0:2C:0D:6A";"192.168.1.24";"";"";"";"Full HD";"1";"MON30334";"https://www.hp.com";"0";""
"NUW-BRA-061";"HP";"Compaq Elite 8300 MT";"Desktop";"Babbel 5";"DT172369";"Buiten gebruik";"";"";"06-05-2021";"06-05-2024";"5";"06-05-2026";"";"06-05-2021";"Windows 10";"8GB";"Intel Core i5-10400";"D4:7F:2B:8F:74:A6";"192.168.1.179";"";"";"";"Full HD";"2";"MON11352";"https://www.hp.com";"0";""
"NUW-BRA-062";"HP";"ProDesk 600 G6";"Desktop";"Babbel 4";"DT294857";"In gebruik";"Visser, T.";"Visser, T.";"18-12-2021";"18-12-2024";"5";"18-12-2026";"";"18-12-2021";"Windows 10";"16GB";"Intel Core i5-10400";"C6:01:70:1B:F3:2E";"192.168.1.154";"";"";"";"WQHD";"";"";"https://www.hp.com";"0";""
"NUW-BRA-063";"HP";"EliteDesk 800 G6";"Desktop";"Babbel 2";"DT495426";"In reparatie";"Smit, L.";"Smit, L.";"28-03-2019";"28-03-2022";"5";"28-03-2024";"";"28-03-2019";"Windows 11";"8GB";"Intel Core i5-8500";"9A:0F:4D:A2:2C:8E";"192.168.1.120";"";"";"";"Full HD";"2";"";"https://www.hp.com";"0";""
"NUW-BRA-064";"HP";"EliteDesk 800 G6";"Desktop";"Hal beneden";"DT848648";"In gebruik";"Van den Berg, S.";"Van den Berg, S.";"21-06-2019";"21-06-2022";"5";"21-06-2024";"";"21-06-2019";"Windows 11";"32GB";"Intel Core i5-8500";"FF:1D:0B:57:37:78";"192.168.1.35";"";"";"";"WQHD";"1";"MON77763";"https://www.hp.com";"1";""
"NUW-BRA-065";"Dell";"OptiPlex 7080";"Desktop";"Babbel 4";"DT330924";"Buiten gebruik";"";"";"02-02-2020";"02-02-2023";"5";"02-02-2025";"";"02-02-2020";"Windows 11";"8GB";"Intel Core i7-10700";"74:95:17:3C:EC:F8";"192.168.1.124";"";"";"";"WQHD";"1";"MON70455";"https://www.dell.com";"0";""
"NUW-BRA-066";"HP";"ProDesk 600 G6";"Desktop";"Hal boven";"DT835834";"Beschikbaar";"Bos, F.";"Bos, F.";"17-07-2020";"17-07-2023";"5";"17-07-2025";"";"17-07-2020";"Windows 10";"16GB";"Intel Core i7-10700";"96:83:49:86:EC:45";"192.168.1.25";"";"";"";"Full HD";"2";"";"https://www.hp.com";"0";""
"NUW-BRA-067";"Prowse";"All in One HZ2e";"All-in-One";"Directiekantoor";"DT472612";"In reparatie";"";"";"12-03-2021";"12-03-2024";"5";"12-03-2026";"";"12-03-2021";"Windows 11";"8GB";"Intel Core i5-8500";"EF:58:3C:8D:E5:B0";"192.168.1.14";"";"";"";"Full HD";"1";"MON44077";"https://www.prowse.com";"0";""
"NUW-BRA-068";"Dell";"OptiPlex 7080";"Desktop";"Chromebook kar 2";"DT267710";"In gebruik";"Mulder, C.";"Mulder, C.";"12-11-2022";"12-11-2025";"5";"12-11-2027";"";"12-11-2022";"Windows 11";"16GB";"Intel Core i5-10400";"CF:12:EC:B8:23:FF";"192.168.1.161";"";"";"";"4K";"2";"";"https://www.dell.com";"1";""
"NUW-BRA-069";"HP";"ProDesk 600 G6";"Desktop";"Babbel 3";"DT683693";"Beschikbaar";"";"";"21-07-2021";"21-07-2024";"5";"21-07-2026";"";"21-07-2021";"Windows 10";"8GB";"Intel Core i5-10400";"D8:43:73:5E:F5:9F";"192.168.1.67";"";"";"";"";"2";"";"https://www.hp.com";"1";""
"NUW-BRA-070";"HP";"Compaq Elite 8300 MT";"Desktop";"Hal beneden";"DT818367";"In gebruik";"";"";"18-04-2018";"18-04-2021";"5";"18-04-2023";"";"18-04-2018";"Windows 10";"32GB";"Intel Core i5-10400";"4D:1B:B1:2A:E5:E4";"192.168.1.184";"";"";"";"WQHD";"2";"";"https://www.hp.com";"1";""
"NUW-LAP-071";"Lenovo";"ThinkPad T14";"Laptop";"Serverruimte";"LP536229";"In gebruik";"Dekker, J.";"Dekker, J.";"02-09-2019";"02-09-2022";"4";"02-09-2023";"";"02-09-2019";"Windows 11";"16GB";"Intel Core i5-8265U";"0C:45:BD:04:04:D3";"";"";"";"";"";"";"";"https://www.lenovo.com";"1";""
"NUW-LAP-072";"Dell";"Latitude E6420";"Laptop";"Receptie";"LP643113";"Beschikbaar";"De Vries, M.";"De Vries, M.";"25-08-2021";"25-08-2024";"4";"25-08-2025";"";"25-08-2021";"Windows 10";"32GB";"Intel Core i7-1165G7";"D6:8C:4D:B3:3E:18";"";"";"";"";"";"";"";"https://www.dell.com";"0";""
"NUW-LAP-073";"Lenovo";"ThinkPad T14";"Laptop";"Gang boven - ICT ruimte";"LP267501";"In gebruik";"Meijer, R.";"Meijer, R.";"09-12-2021";"09-12-2024";"4";"09-12-2025";"";"09-12-2021";"Windows 11";"8GB";"Intel Core i5-1135G7";"F6:AC:26:1D:98:4C";"";"";"";"";"";"";"";"https://www.lenovo.com";"1";""
"NUW-LAP-074";"Lenovo";"ThinkPad T14";"Laptop";"Receptie";"LP659166";"Buiten gebruik";"Mulder, C.";"Mulder, C.";"30-11-2022";"30-11-2025";"4";"30-11-2026";"";"30-11-2022";"Windows 11";"16GB";"Intel Core i5-1135G7";"FC:3E:90:E3:37:3E";"";"";"";"";"";"";"";"https://www.lenovo.com";"1";""
"NUW-LAP-075";"HP";"EliteBook 840 G7";"Laptop";"Vergaderzaal";"LP295874";"In reparatie";"Visser, T.";"Visser, T.";"14-03-2020";"14-03-2023";"4";"14-03-2024";"";"14-03-2020";"Windows 11";"32GB";"Intel Core i7-1165G7";"6D:78:5B:87:36:17";"";"";"";"";"";"";"";"https://www.hp.com";"1";""
"NUW-LAP-076";"Lenovo";"ThinkPad T14";"Laptop";"Receptie";"LP389110";"In gebruik";"Meijer, R.";"Meijer, R.";"22-01-2023";"22-01-2026";"4";"22-01-2027";"";"22-01-2023";"Windows 11";"8GB";"Intel Core i7-1165G7";"B6:36:8E:42:9D:A0";"";"";"";"";"";"";"";"https://www.lenovo.com";"1";""
"NUW-LAP-077";"Dell";"Latitude E6420";"Laptop";"Directiekantoor";"LP960329";"In gebruik";"Bakker, P.";"Bakker, P.";"02-03-2019";"02-03-2022";"4";"02-03-2023";"";"02-03-2019";"Windows 10";"32GB";"Intel Core i5-1135G7";"5A:9C:0B:67:CC:0B";"";"";"";"";"";"";"";"https://www.dell.com";"1";""
"NUW-LAP-078";"Dell";"Latitude 5520";"Laptop";"Vergaderzaal";"LP527367";"Beschikbaar";"Meijer, R.";"Meijer, R.";"04-07-2021";"04-07-2024";"4";"04-07-2025";"";"04-07-2021";"Windows 11";"8GB";"Intel Core i7-1165G7";"3E:9F:12:A3:9B:90";"";"";"";"";"";"";"";"https://www.dell.com";"0";""
"NUW-LAP-079";"Dell";"Latitude 5520";"Laptop";"Chromebook kar 2";"LP876467";"In gebruik";"Visser, T.";"Visser, T.";"23-11-2019";"23-11-2022";"4";"23-11-2023";"";"23-11-2019";"Windows 11";"16GB";"Intel Core i7-1165G7";"A0:0A:F5:3D:BE:E3";"";"";"";"";"";"";"";"https://www.dell.com";"0";""
"NUW-LAP-080";"HP";"ProBook 450 G8";"Laptop";"Serverruimte";"LP460342";"In reparatie";"Van den Berg, S.";"Van den Berg, S.";"12-08-2019";"12-08-2022";"4";"12-08-2023";"";"12-08-2019";"Windows 10";"16GB";"Intel Core i7-1165G7";"28:A5:88:89:29:4B";"";"";"";"";"";"";"";"https://www.hp.com";"1";""
"NUW-LAP-081";"Lenovo";"ThinkPad T14";"Laptop";"Serverruimte";"LP472000";"Beschikbaar";"Meijer, R.";"Meijer, R.";"27-03-2022";"27-03-2025";"4";"27-03-2026";"";"27-03-2022";"Windows 11";"32GB";"Intel Core i5-8265U";"7D:9F:47:BD:80:CE";"";"";"";"";"";"";"";"https://www.lenovo.com";"0";""
"NUW-LAP-082";"Dell";"Latitude 5520";"Laptop";"Stockroom";"LP802892";"In gebruik";"De Vries, M.";"De Vries, M.";"28-04-2021";"28-04-2024";"4";"28-04-2025";"";"28-04-2021";"Windows 11";"8GB";"Intel Core i7-1165G7";"C4:0C:E8:87:E0:B5";"";"";"";"";"";"";"";"https://www.dell.com";"0";""
"NUW-LAP-083";"HP";"ProBook 450 G8";"Laptop";"Serverruimte";"LP263692";"Beschikbaar";"De Vries, M.";"De Vries, M.";"16-04-2023";"16-04-2026";"4";"16-04-2027";"";"16-04-2023";"Windows 10";"8GB";"Intel Core i7-1165G7";"6F:E0:F6:6F:5A:D6";"";"";"";"";"";"";"";"https://www.hp.com";"1";""
"NUW-LAP-084";"Dell";"Latitude 5520";"Laptop";"Vergaderzaal";"LP821381";"Beschikbaar";"";"";"04-06-2019";"04-06-2022";"4";"04-06-2023";"";"04-06-2019";"Windows 11";"16GB";"Intel Core i5-1135G7";"B8:64:44:AE:24:7E";"";"";"";"";"";"";"";"https://www.dell.com";"1";""
"NUW-LAP-085";"Dell";"Latitude E6420";"Laptop";"Hal boven";"LP606271";"In gebruik";"Dekker, J.";"Dekker, J.";"14-08-2019";"14-08-2022";"4";"14-08-2023";"";"14-08-2019";"Windows 10";"32GB";"Intel Core i5-8265U";"79:7E:7E:05:34:7E";"";"";"";"";"";"";"";"https://www.dell.com";"0";""
"NUW-LAP-086";"Dell";"Latitude 5520";"Laptop";"Hal beneden";"LP495185";"Beschikbaar";"Visser, T.";"Visser, T.";"24-05-2020";"24-05-2023";"4";"24-05-2024";"";"24-05-2020";"Windows 11";"8GB";"Intel Core i7-1165G7";"5E:97:5B:6E:96:8C";"";"";"";"";"";"";"";"https://www.dell.com";"0";""
"NUW-LAP-087";"HP";"EliteBook 840 G7";"Laptop";"Stockroom";"LP532914";"Buiten gebruik";"Bos, F.";"Bos, F.";"25-11-2019";"25-11-2022";"4";"25-11-2023";"";"25-11-2019";"Windows 11";"32GB";"Intel Core i5-8265U";"D6:A7:D2:EB:D7:FA";"";"";"";"";"";"";"";"https://www.hp.com";"0";""
"NUW-LAP-088";"HP";"EliteBook 840 G7";"Laptop";"Gang boven - ICT ruimte";"LP448722";"Beschikbaar";"Peters, K.";"Peters, K.";"24-07-2021";"24-07-2024";"4";"24-07-2025";"";"24-07-2021";"Windows 11";"16GB";"Intel Core i5-8265U";"03:71:88:AF:3B:90";"";"";"";"";"";"";"";"https://www.hp.com";"1";""
"NUW-LAP-089";"Dell";"Latitude E6420";"Laptop";"Babbel 2";"LP659840";"Beschikbaar";"Van den Berg, S.";"Van den Berg, S.";"21-09-2020";"21-09-2023";"4";"21-09-2024";"";"21-09-2020";"Windows 10";"8GB";"Intel Core i5-1135G7";"6C:7B:6D:50:71:EF";"";"";"";"";"";"";"";"https://www.dell.com";"0";""
"NUW-LAP-090";"Lenovo";"ThinkPad T14";"Laptop";"Serverruimte";"LP527341";"In gebruik";"De Vries, M.";"De Vries, M.";"06-03-2022";"06-03-2025";"4";"06-03-2026";"";"06-03-2022";"Windows 11";"16GB";"Intel Core i5-8265U";"0B:72:5D:4B:53:C8";"";"";"";"";"";"";"";"https://www.lenovo.com";"0";""
"NUW-PRT-091";"Canon";"imageRUNNER ADVANCE C3525i";"Printer";"Receptie";"PR899100";"Beschikbaar";"";"";"25-04-2022";"25-04-2024";"5";"25-04-2027";"";"25-04-2022";"";"";"";"03:30:FA:71:E1:72";"192.168.1.246";"192.168.100.36";"";"";"";"";"";"https://www.canon.com";"0";"Gedeelde printer Receptie"
"NUW-PRT-092";"Brother";"HL-L2350DW";"Printer";"Stockroom";"PR613515";"In gebruik";"";"";"16-04-2019";"16-04-2021";"5";"16-04-2024";"";"16-04-2019";"";"";"";"9C:1A:95:64:7D:90";"192.168.1.132";"192.168.100.32";"";"";"";"";"";"https://www.brother.com";"0";"Gedeelde printer Stockroom"
"NUW-PRT-093";"Epson";"WorkForce WF-7840";"Printer";"Vergaderzaal";"PR972864";"In gebruik";"";"";"23-10-2019";"23-10-2021";"5";"23-10-2024";"";"23-10-2019";"";"";"";"AC:3E:C4:48:77:40";"192.168.1.59";"192.168.100.10";"";"";"";"";"";"https://www.epson.com";"0";"Gedeelde printer Vergaderzaal"
"NUW-PRT-094";"Epson";"WorkForce WF-7840";"Printer";"Hal boven";"PR918756";"Beschikbaar";"";"";"25-03-2020";"25-03-2022";"5";"25-03-2025";"";"25-03-2020";"";"";"";"7F:DE:10:27:BF:C6";"192.168.1.204";"192.168.100.48";"";"";"";"";"";"https://www.epson.com";"0";"Gedeelde printer Hal boven"
"NUW-PRT-095";"HP";"LaserJet Pro M404dn";"Printer";"Receptie";"PR674264";"Beschikbaar";"";"";"14-01-2020";"14-01-2022";"5";"14-01-2025";"";"14-01-2020";"";"";"";"7E:55:16:B8:0A:2D";"192.168.1.190";"192.168.100.45";"";"";"";"";"";"https://www.hp.com";"0";"Gedeelde printer Receptie"
"NUW-PRT-096";"Canon";"imageRUNNER ADVANCE C3525i";"Printer";"Vergaderzaal";"PR609133";"In gebruik";"";"";"03-12-2020";"03-12-2022";"5";"03-12-2025";"";"03-12-2020";"";"";"";"96:B6:B4:F3:DB:AE";"192.168.1.233";"192.168.100.42";"";"";"";"";"";"https://www.canon.com";"0";"Gedeelde printer Vergaderzaal"
"NUW-PRT-097";"HP";"LaserJet Pro M404dn";"Printer";"Babbel 1";"PR867470";"In gebruik";"";"";"28-02-2022";"28-02-2024";"5";"28-02-2027";"";"28-02-2022";"";"";"";"84:3A:E7:80:1E:B3";"192.168.1.80";"192.168.100.46";"";"";"";"";"";"https://www.hp.com";"0";"Gedeelde printer Babbel 1"
"NUW-PRT-098";"HP";"LaserJet Pro M404dn";"Printer";"Patchkast 1 boven";"PR371180";"Beschikbaar";"";"";"19-09-2020";"19-09-2022";"5";"19-09-2025";"";"19-09-2020";"";"";"";"0F:15:B0:87:59:E8";"192.168.1.94";"192.168.100.16";"";"";"";"";"";"https://www.hp.com";"0";"Gedeelde printer Patchkast 1 boven"
"NUW-NET-099";"Ubiquiti";"UniFi Dream Machine";"Netwerkapparatuur";"Patchkast 1 boven";"NET202642";"In gebruik";"";"";"31-12-2022";"31-12-2025";"7";"31-12-2029";"";"31-12-2022";"";"";"";"F0:F1:C8:A8:73:EA";"192.168.0.17";"192.168.100.19";"";"";"";"";"";"https://www.ubiquiti.com";"1";"Bedrijfskritische infrastructuur"
"NUW-NET-100";"Cisco";"Catalyst 2960X-48TS-L";"Netwerkapparatuur";"Patchkast 1 boven";"NET433794";"In gebruik";"";"";"02-02-2022";"02-02-2025";"7";"02-02-2029";"";"02-02-2022";"";"";"";"C1:96:60:EC:AA:E6";"192.168.0.14";"192.168.100.20";"";"";"";"";"";"https://www.cisco.com";"1";"Bedrijfskritische infrastructuur"
"NUW-NET-101";"TP-Link";"TL-SG1024DE";"Netwerkapparatuur";"Serverruimte";"NET109931";"In gebruik";"";"";"04-11-2021";"04-11-2024";"7";"04-11-2028";"";"04-11-2021";"";"";"";"17:21:00:14:CA:1E";"192.168.0.48";"192.168.100.1";"";"";"";"";"";"https://www.tp-link.com";"1";"Bedrijfskritische infrastructuur"
"NUW-NET-102";"Ubiquiti";"UniFi AP-AC-Pro";"Netwerkapparatuur";"Serverruimte";"NET361203";"In gebruik";"";"";"17-08-2021";"17-08-2024";"7";"17-08-2028";"";"17-08-2021";"";"";"";"5D:BB:B7:38:7F:DC";"192.168.0.30";"192.168.100.6";"AP-06";"";"";"";"";"https://www.ubiquiti.com";"1";"Bedrijfskritische infrastructuur"
"NUW-NET-103";"Ubiquiti";"UniFi Dream Machine";"Netwerkapparatuur";"Gang boven - ICT ruimte";"NET200432";"In gebruik";"";"";"31-03-2019";"31-03-2022";"7";"31-03-2026";"";"31-03-2019";"";"";"";"3E:6B:A1:05:09:71";"192.168.0.36";"192.168.100.11";"";"";"";"";"";"https://www.ubiquiti.com";"1";"Bedrijfskritische infrastructuur"
"NUW-NET-104";"Cisco";"Catalyst 2960X-48TS-L";"Netwerkapparatuur";"Serverruimte";"NET820412";"In gebruik";"";"";"07-05-2022";"07-05-2025";"7";"07-05-2029";"";"07-05-2022";"";"";"";"7A:84:27:30:C6:9C";"192.168.0.24";"192.168.100.2";"";"";"";"";"";"https://www.cisco.com";"1";"Bedrijfskritische infrastructuur"
"NUW-NET-105";"TP-Link";"TL-SG1024DE";"Netwerkapparatuur";"Gang boven - ICT ruimte";"NET914089";"In gebruik";"";"";"18-12-2020";"18-12-2023";"7";"18-12-2027";"";"18-12-2020";"";"";"";"56:07:FF:4C:33:27";"192.168.0.34";"192.168.100.16";"";"";"";"";"";"https://www.tp-link.com";"1";"Bedrijfskritische infrastructuur"
"NUW-NET-106";"TP-Link";"TL-SG1024DE";"Netwerkapparatuur";"Gang boven - ICT ruimte";"NET563387";"In gebruik";"";"";"18-05-2019";"18-05-2022";"7";"18-05-2026";"";"18-05-2019";"";"";"";"A3:9F:00:83:12:48";"192.168.0.48";"192.168.100.13";"";"";"";"";"";"https://www.tp-link.com";"1";"Bedrijfskritische infrastructuur"
"NUW-NET-107";"Ubiquiti";"UniFi Dream Machine";"Netwerkapparatuur";"Patchkast 1 boven";"NET901714";"In gebruik";"";"";"29-07-2020";"29-07-2023";"7";"29-07-2027";"";"29-07-2020";"";"";"";"6A:4A:F6:A0:A0:03";"192.168.0.12";"192.168.100.2";"";"";"";"";"";"https://www.ubiquiti.com";"1";"Bedrijfskritische infrastructuur"
"NUW-NET-108";"Ubiquiti";"UniFi AP-AC-Pro";"Netwerkapparatuur";"Patchkast 1 boven";"NET424306";"In gebruik";"";"";"13-11-2021";"13-11-2024";"7";"13-11-2028";"";"13-11-2021";"";"";"";"0A:DD:DE:29:4C:90";"192.168.0.35";"192.168.100.3";"AP-15";"";"";"";"";"https://www.ubiquiti.com";"1";"Bedrijfskritische infrastructuur"
"NUW-SRV-109";"HP";"ProLiant DL380 Gen10";"Server";"Serverruimte";"SRV496809";"In gebruik";"";"";"15-01-2021";"15-01-2026";"7";"15-01-2028";"";"15-01-2021";"VMware ESXi 7.0";"256GB";"Intel Xeon Gold 6230";"80:64:CC:6A:19:D2";"192.168.0.5";"10.0.0.4";"";"";"";"";"";"https://www.hp.com";"1";"Productieserver — niet uitschakelen zonder overleg IT"
"NUW-SRV-110";"HP";"ProLiant DL380 Gen10";"Server";"Serverruimte";"SRV385230";"In gebruik";"";"";"07-01-2020";"07-01-2025";"7";"07-01-2027";"";"07-01-2020";"VMware ESXi 7.0";"64GB";"AMD EPYC 7502";"6F:66:27:C9:36:D7";"192.168.0.9";"10.0.0.8";"";"";"";"";"";"https://www.hp.com";"1";"Productieserver — niet uitschakelen zonder overleg IT"
"NUW-SRV-111";"HP";"ProLiant DL380 Gen10";"Server";"Serverruimte";"SRV423258";"In gebruik";"";"";"26-02-2020";"26-02-2025";"7";"26-02-2027";"";"26-02-2020";"Windows Server 2019";"256GB";"Intel Xeon Gold 6230";"E9:36:77:A5:CC:6D";"192.168.0.3";"10.0.0.5";"";"";"";"";"";"https://www.hp.com";"1";"Productieserver — niet uitschakelen zonder overleg IT"
"NUW-TAB-112";"Samsung";"Galaxy Tab S7";"Tablet";"Directiekantoor";"TAB470514";"In gebruik";"";"";"20-08-2022";"20-08-2024";"3";"20-08-2025";"";"20-08-2022";"Android 13";"6GB";"";"1A:D4:6D:53:C1:FF";"";"";"";"";"";"";"";"https://www.samsung.com";"0";""
"NUW-TAB-113";"Samsung";"Galaxy Tab S7";"Tablet";"Kantoor";"TAB783802";"Beschikbaar";"Dekker, J.";"Dekker, J.";"16-07-2022";"16-07-2024";"3";"16-07-2025";"";"16-07-2022";"Android 13";"8GB";"";"E3:B6:A4:F0:C9:D6";"";"";"";"";"";"";"";"https://www.samsung.com";"0";""
"NUW-TAB-114";"Lenovo";"Tab M10 Plus";"Tablet";"Directiekantoor";"TAB521670";"In gebruik";"Dekker, J.";"Dekker, J.";"09-02-2021";"09-02-2023";"3";"09-02-2024";"";"09-02-2021";"Android 12";"8GB";"";"F6:18:9B:7C:BE:03";"";"";"";"";"";"";"";"https://www.lenovo.com";"0";""
"NUW-TAB-115";"Samsung";"Galaxy Tab S7";"Tablet";"Directiekantoor";"TAB410068";"In gebruik";"";"";"12-08-2023";"12-08-2025";"3";"12-08-2026";"";"12-08-2023";"Android 13";"6GB";"";"54:3E:24:39:0B:E7";"";"";"";"";"";"";"";"https://www.samsung.com";"0";""
"NUW-TAB-116";"Samsung";"Galaxy Tab S7";"Tablet";"Vergaderzaal";"TAB754201";"In gebruik";"Jansen, A.";"Jansen, A.";"30-09-2022";"30-09-2024";"3";"30-09-2025";"";"30-09-2022";"Android 13";"8GB";"";"B9:51:46:27:69:16";"";"";"";"";"";"";"";"https://www.samsung.com";"0";""
"NUW-TAB-117";"Apple";"iPad (9th gen)";"Tablet";"Directiekantoor";"TAB922532";"In gebruik";"Meijer, R.";"Meijer, R.";"18-02-2021";"18-02-2023";"3";"18-02-2024";"";"18-02-2021";"iPadOS 16";"6GB";"";"E8:25:3B:23:AF:59";"";"";"";"";"";"";"";"https://www.apple.com";"0";""
